Rank,Player,Goals
1.0,Alan Shearer,260.0
2.0,Wayne Rooney,208.0
3.0,Andrew Cole,187.0
4.0,Frank Lampard,177.0
5.0,Thierry Henry,175.0
6.0,Sergio Agüero,164.0
7.0,Robbie Fowler,163.0
8.0,Jermain Defoe,162.0
9.0,Michael Owen,150.0
10.0,Les Ferdinand,149.0
11.0,Teddy Sheringham,146.0
12.0,Robin van Persie,144.0
13.0,Jimmy Floyd Hasselbaink,127.0
14.0,Robbie Keane,126.0
15.0,Nicolas Anelka,125.0
15.0,Harry Kane,125.0
17.0,Dwight Yorke,123.0
18.0,Steven Gerrard,120.0
19.0,Romelu Lukaku,113.0
19.0,Ian Wright,113.0
21.0,Dion Dublin,111.0
22.0,Emile Heskey,110.0
23.0,Ryan Giggs,109.0
24.0,Peter Crouch,108.0
25.0,Paul Scholes,107.0
26.0,Darren Bent,106.0
27.0,Didier Drogba,104.0
28.0,Matthew Le Tissier,100.0
29.0,Emmanuel Adebayor,97.0
30.0,Yakubu,95.0
30.0,Ruud van Nistelrooy,95.0
32.0,Dimitar Berbatov,94.0
33.0,Kevin Phillips,92.0
33.0,Mark Viduka,92.0
35.0,James Beattie,91.0
35.0,Ole Gunnar Solskjaer,91.0
37.0,Kevin Davies,88.0
38.0,Dennis Bergkamp,87.0
39.0,Eden Hazard,85.0
39.0,Louis Saha,85.0
39.0,Fernando Torres,85.0
42.0,Cristiano Ronaldo,84.0
42.0,Carlos Tevez,84.0
44.0,Kevin Campbell,83.0
44.0,Chris Sutton,83.0
46.0,Craig Bellamy,81.0
47.0,Gary Speed,80.0
47.0,Jamie Vardy,80.0
49.0,Tony Cottee,78.0
49.0,Olivier Giroud,78.0
51.0,Daniel Sturridge,76.0
52.0,Gabriel Agbonlahor,74.0
53.0,Theo Walcott,73.0
54.0,Chris Armstrong,71.0
54.0,Brian Deane,71.0
56.0,Christian Benteke,70.0
56.0,Eric Cantona,70.0
58.0,Kevin Nolan,69.0
58.0,Luis Suárez,69.0
60.0,Duncan Ferguson,68.0
61.0,Paolo Di Canio,66.0
61.0,Sadio Mané,66.0
61.0,Raheem Sterling,66.0
64.0,Mark Hughes,64.0
65.0,Dean Holdsworth,63.0
65.0,Alexis Sánchez,63.0
67.0,David Beckham,62.0
67.0,Stan Collymore,62.0
67.0,Robert Pires,62.0
67.0,Yaya Touré,62.0
71.0,Niall Quinn,59.0
71.0,Gylfi Sigurdsson,59.0
71.0,Gianfranco Zola,59.0
74.0,Peter Beardsley,58.0
75.0,Lee Bowyer,57.0
75.0,Clint Dempsey,57.0
75.0,Harry Kewell,57.0
78.0,Tim Cahill,56.0
78.0,Jason Euell,56.0
78.0,Kevin Gallacher,56.0
78.0,Mohamed Salah,56.0
82.0,Eidur Gudjohnsen,55.0
82.0,John Hartson,55.0
84.0,Damien Duff,54.0
84.0,Kanu,54.0
84.0,Gustavo Poyet,54.0
84.0,David Silva,54.0
88.0,Nick Barmby,53.0
88.0,Gareth Barry,53.0
88.0,Andy Carroll,53.0
88.0,Steven Fletcher,53.0
88.0,Shane Long,53.0
88.0,James Milner,53.0
94.0,Carlton Cole,52.0
94.0,Diego Costa,52.0
94.0,Efan Ekoku,52.0
94.0,Chicharito,52.0
94.0,Trevor Sinclair,52.0
94.0,Darius Vassell,52.0
100.0,Andrew Johnson,51.0
100.0,Dirk Kuyt,51.0
100.0,Juan Mata,51.0
103.0,Mark Bright,50.0
103.0,Edin Dzeko,50.0
103.0,Cesc Fàbregas,50.0
103.0,Danny Murphy,50.0
103.0,Paulo Wanchope,50.0
108.0,Christian Eriksen,49.0
108.0,Gary McAllister,49.0
108.0,Nolberto Solano,49.0
111.0,Roberto Firmino,48.0
111.0,Fredrik Ljungberg,48.0
111.0,Ian Rush,48.0
111.0,Ashley Young,48.0
115.0,Bobby Zamora,47.0
116.0,Joe Cole,46.0
116.0,Riyad Mahrez,46.0
116.0,Paul Merson,46.0
119.0,Robbie Earle,45.0
119.0,Dean Saunders,45.0
119.0,Alan Smith,45.0
119.0,Graham Stuart,45.0
119.0,Rod Wallace,45.0
124.0,Juan Pablo Ángel,44.0
124.0,Leon Osman,44.0
124.0,Noel Whelan,44.0
127.0,Shola Ameobi,43.0
127.0,Marko Arnautovic,43.0
127.0,Demba Ba,43.0
127.0,David Hirst,43.0
127.0,Frederic Kanoute,43.0
127.0,Jonathan Walters,43.0
133.0,Dele Alli,42.0
133.0,Gareth Bale,42.0
133.0,Paul Ince,42.0
133.0,Julian Joachim,42.0
133.0,Andrei Kanchelskis,42.0
133.0,Joshua King,42.0
133.0,Mark Noble,42.0
133.0,Marian Pahars,42.0
133.0,Son Heung-Min,42.0
133.0,Danny Welbeck,42.0
143.0,Mikel Arteta,41.0
143.0,Coutinho,41.0
143.0,Steve McManaman,41.0
143.0,John Terry,41.0
147.0,Marcus Bent,40.0
147.0,Steffen Iversen,40.0
147.0,Kenwyne Jones,40.0
147.0,Aaron Ramsey,40.0
147.0,Matthew Taylor,40.0
152.0,Roy Keane,39.0
152.0,Steed Malbranque,39.0
154.0,Patrik Berger,38.0
154.0,John Carew,38.0
154.0,Tore Andre Flo,38.0
154.0,Darren Huckerby,38.0
154.0,Dean Sturridge,38.0
154.0,David Unsworth,38.0
160.0,Darren Anderton,37.0
160.0,Papiss Demba Cissé,37.0
160.0,Troy Deeney,37.0
160.0,Stewart Downing,37.0
160.0,Kevin Doyle,37.0
160.0,David Dunn,37.0
160.0,Marouane Fellaini,37.0
160.0,Don Hutchison,37.0
160.0,Benni McCarthy,37.0
160.0,Tim Sherwood,37.0
170.0,Paul Dickov,36.0
170.0,Ruel Fox,36.0
170.0,Salomon Kalou,36.0
170.0,Brian McBride,36.0
170.0,Glenn Murray,36.0
170.0,Samir Nasri,36.0
170.0,Peter Odemwingie,36.0
170.0,Jason Roberts,36.0
170.0,John Spencer,36.0
179.0,Wilfried Bony,35.0
179.0,Benito Carbone,35.0
179.0,Florent Malouda,35.0
179.0,Tomasz Radzinski,35.0
179.0,Salomón Rondón,35.0
184.0,Charlie Austin,34.0
184.0,Mikael Forssell,34.0
184.0,Marcus Gayle,34.0
184.0,Muzzy Izzet,34.0
184.0,Robert Lee,34.0
184.0,Aaron Lennon,34.0
184.0,Anthony Martial,34.0
184.0,Peter Ndlovu,34.0
184.0,Morten Gamst Pedersen,34.0
184.0,Dennis Wise,34.0
194.0,Charlie Adam,33.0
194.0,Iain Dowie,33.0
194.0,Cameron Jerome,33.0
194.0,Ian Marshall,33.0
194.0,Ayoze Pérez,33.0
194.0,Jamie Redknapp,33.0
194.0,Jay Rodriguez,33.0
194.0,Ashley Ward,33.0
194.0,Callum Wilson,33.0
203.0,Pierre-Emerick Aubameyang,32.0
203.0,Leighton Baines,32.0
203.0,Ashley Barnes,32.0
203.0,Nicklas Bendtner,32.0
203.0,Djibril Cissé,32.0
203.0,Jermaine Jenas,32.0
203.0,Adam Johnson,32.0
203.0,James Morrison,32.0
203.0,Mesut Özil,32.0
203.0,Shaun Wright-Phillips,32.0
203.0,Wilfried Zaha,32.0
214.0,Yossi Benayoun,31.0
214.0,Henri Camara,31.0
214.0,Craig Gardner,31.0
214.0,Rickie Lambert,31.0
214.0,Hamilton Ricard,31.0
214.0,Patrick Vieira,31.0
214.0,Jason Wilcox,31.0
214.0,Sylvain Wiltord,31.0
222.0,Oyvind Leonhardsen,30.0
223.0,Luís Boa Morte,29.0
223.0,Nicky Butt,29.0
223.0,Malcolm Christie,29.0
223.0,Juninho,29.0
223.0,Nikica Jelavic,29.0
223.0,Jürgen Klinsmann,29.0
223.0,Adam Lallana,29.0
223.0,Savo Milosevic,29.0
223.0,Kevin Mirallas,29.0
223.0,Egil Ostenstad,29.0
223.0,Paul Rideout,29.0
223.0,Hugo Rodallega,29.0
223.0,Uwe Rösler,29.0
223.0,Ian Taylor,29.0
237.0,John Barnes,28.0
237.0,Milan Baros,28.0
237.0,Willian,28.0
237.0,Carl Cort,28.0
237.0,El Hadji Diouf,28.0
237.0,Marlon Harewood,28.0
237.0,Ian Harte,28.0
237.0,Heidar Helguson,28.0
237.0,Paul Kitson,28.0
237.0,Obafemi Martins,28.0
237.0,Charles N'Zogbia,28.0
237.0,Loïc Remy,28.0
237.0,Pedro,28.0
250.0,Gary Cahill,27.0
250.0,Simon Davies,27.0
250.0,Gabriel Jesus,27.0
250.0,Mame Biram Diouf,27.0
250.0,Lee Hendrie,27.0
250.0,Jonatan Johansson,27.0
250.0,Alexandre Lacazette,27.0
250.0,Marcus Rashford,27.0
250.0,Neil Shipperley,27.0
250.0,Guy Whittingham,27.0
260.0,Nani,26.0
260.0,Victor Anichebe,26.0
260.0,Michail Antonio,26.0
260.0,Joey Barton,26.0
260.0,Yohan Cabaye,26.0
260.0,Jordan Henderson,26.0
260.0,Sebastian Larsson,26.0
260.0,Benjani,26.0
260.0,Roque Santa Cruz,26.0
260.0,Marcus Stewart,26.0
260.0,Steve Watson,26.0
260.0,David White,26.0
272.0,Andy Booth,25.0
272.0,Santi Cazorla,25.0
272.0,Jan Åge Fjørtoft,25.0
272.0,William Gallas,25.0
272.0,Francis Jeffers,25.0
272.0,Marc Overmars,25.0
272.0,Mick Quinn,25.0
272.0,Fabrizio Ravanelli,25.0
272.0,Mark Robins,25.0
272.0,Leroy Sané,25.0
272.0,Stéphane Sessegnon,25.0
272.0,Steve Stone,25.0
284.0,Ross Barkley,24.0
284.0,Shaun Bartlett,24.0
284.0,Chris Brunt,24.0
284.0,Michael Carrick,24.0
284.0,Julian Dicks,24.0
284.0,Garry Flitcroft,24.0
284.0,Grant Holt,24.0
284.0,Lomana Lua Lua,24.0
284.0,Luka Milivojevic,24.0
284.0,Scott Parker,24.0
284.0,Paul Pogba,24.0
284.0,Jason Puncheon,24.0
284.0,Kieran Richardson,24.0
284.0,Bryan Roy,24.0
284.0,Antonio Valencia,24.0
284.0,Rafael van der Vaart,24.0
284.0,Anthony Yeboah,24.0
301.0,Andrey Arshavin,23.0
301.0,Saido Berahino,23.0
301.0,Nathan Blake,23.0
301.0,Lee Chapman,23.0
301.0,Kevin De Bruyne,23.0
301.0,Rory Delap,23.0
301.0,Kieron Dyer,23.0
301.0,Darren Fletcher,23.0
301.0,Joleon Lescott,23.0
301.0,James McArthur,23.0
301.0,Szilard Nemeth,23.0
301.0,Graziano Pellè,23.0
301.0,Dan Petrescu,23.0
301.0,Laurent Robert,23.0
301.0,Junior Stanislas,23.0
301.0,Gordon Watson,23.0
317.0,Dean Ashton,22.0
317.0,Dalian Atkinson,22.0
317.0,Chris Bart-Williams,22.0
317.0,Alen Boksic,22.0
317.0,Michael Bridges,22.0
317.0,Deon Burton,22.0
317.0,Matt Elliott,22.0
317.0,Sami Hyypiä,22.0
317.0,Branislav Ivanovic,22.0
317.0,Laurent Koscielny,22.0
317.0,Mido,22.0
317.0,Mike Newell,22.0
317.0,Henrik Pedersen,22.0
317.0,Lee Sharpe,22.0
331.0,André Ayew,21.0
331.0,Mario Balotelli,21.0
331.0,Nacer Chadli,21.0
331.0,Oscar,21.0
331.0,Matthew Etherington,21.0
331.0,Dwight Gayle,21.0
331.0,David Ginola,21.0
331.0,Andre Gray,21.0
331.0,Stephen Hunt,21.0
331.0,Robert Huth,21.0
331.0,Danny Ings,21.0
331.0,Chris Kiwomya,21.0
331.0,Aleksandar Mitrovic,21.0
331.0,Nathan Redmond,21.0
331.0,Michael Ricketts,21.0
331.0,John Arne Riise,21.0
331.0,Paul Scharner,21.0
331.0,Xherdan Shaqiri,21.0
331.0,Steve Sidwell,21.0
331.0,Robert Snodgrass,21.0
331.0,Mark Stein,21.0
331.0,Gianluca Vialli,21.0
331.0,Georginio Wijnaldum,21.0
331.0,Chris Wood,21.0
355.0,Bradley Allen,20.0
355.0,Sol Campbell,20.0
355.0,Nigel Clough,20.0
355.0,Seamus Coleman,20.0
355.0,Hernán Crespo,20.0
355.0,Jason Dozzell,20.0
355.0,John Fashanu,20.0
355.0,Stelios Giannakopoulos,20.0
355.0,Matthew Jarvis,20.0
355.0,Claus Jensen,20.0
355.0,Collins John,20.0
355.0,Ivan Klasnic,20.0
355.0,Niko Kranjcar,20.0
355.0,Manuel Lanzini,20.0
355.0,James McFadden,20.0
355.0,Luke Moore,20.0
355.0,Victor Moses,20.0
355.0,Ray Parlour,20.0
355.0,Roman Pavlyuchenko,20.0
355.0,Stuart Pearce,20.0
355.0,Michu,20.0
355.0,Steven Pienaar,20.0
355.0,Tuncay Sanli,20.0
355.0,Robbie Savage,20.0
355.0,Dusan Tadic,20.0
355.0,Andros Townsend,20.0
381.0,Danny Dichio,19.0
381.0,Youri Djorkaeff,19.0
381.0,Ugo Ehiogu,19.0
381.0,Johan Elmander,19.0
381.0,Ricardo Fuller,19.0
381.0,Mick Harford,19.0
381.0,Craig Hignett,19.0
381.0,Stephen Ireland,19.0
381.0,Matt Jansen,19.0
381.0,Steven Naismith,19.0
381.0,Park Ji-Sung,19.0
381.0,Garry Parker,19.0
381.0,Lukas Podolski,19.0
381.0,Tomas Rosicky,19.0
381.0,Leonardo Ulloa,19.0
381.0,Boudewijn Zenden,19.0
397.0,David Bentley,18.0
397.0,Fraizer Campbell,18.0
397.0,Richarlison,18.0
397.0,Mohamed Diamé,18.0
397.0,Nathan Dyer,18.0
397.0,Kevin Gallen,18.0
397.0,Luis García,18.0
397.0,Danny Graham,18.0
397.0,Alf Inge Haaland,18.0
397.0,Denis Irwin,18.0
397.0,Phil Jagielka,18.0
397.0,Vincent Kompany,18.0
397.0,Fernandinho,18.0
397.0,Massimo Maccarone,18.0
397.0,Brian McClair,18.0
397.0,Álvaro Negredo,18.0
397.0,Diafra Sakho,18.0
397.0,Mike Sheron,18.0
397.0,Antoine Sibierski,18.0
397.0,Connor Wickham,18.0
417.0,Marc Albrighton,17.0
417.0,Gilberto Silva,17.0
417.0,Ryan Babel,17.0
417.0,Michael Ballack,17.0
417.0,Peter Beagrie,17.0
417.0,Eyal Berkovic,17.0
417.0,George Boateng,17.0
417.0,Steven Davis,17.0
417.0,Michael Essien,17.0
417.0,Zoltán Gera,17.0
417.0,Keith Gillespie,17.0
417.0,Matt Holland,17.0
417.0,Zlatan Ibrahimovic,17.0
417.0,Diomansy Kamara,17.0
417.0,Arouna Koné,17.0
417.0,Frank Leboeuf,17.0
417.0,Jesse Lingard,17.0
417.0,Fernando Llorente,17.0
417.0,Neil Maddison,17.0
417.0,Gavin Peacock,17.0
417.0,Mark Pembridge,17.0
417.0,Gary Penrice,17.0
417.0,Ramires,17.0
417.0,André Schürrle,17.0
417.0,Gareth Southgate,17.0
417.0,Patrick van Aanholt,17.0
417.0,Sam Vokes,17.0
417.0,James Ward-Prowse,17.0
417.0,Andreas Weimann,17.0
417.0,Dean Windass,17.0
417.0,Ian Woan,17.0
448.0,Joe Allen,16.0
448.0,Marcos Alonso,16.0
448.0,Jordan Ayew,16.0
448.0,Francesco Baiano,16.0
448.0,Fabio Borini,16.0
448.0,Lee Carsley,16.0
448.0,Gerard Deulofeu,16.0
448.0,Leroy Fer,16.0
448.0,David Junior Hoilett,16.0
448.0,Odion Ighalo,16.0
448.0,Kelechi Iheanacho,16.0
448.0,Joseph-Desire Job,16.0
448.0,Hassan Kachloul,16.0
448.0,Álvaro Morata,16.0
448.0,Gary O'Neil,16.0
448.0,Martin Petrov,16.0
448.0,José Antonio Reyes,16.0
448.0,Liam Ridgewell,16.0
448.0,Wayne Routledge,16.0
448.0,Neil Ruddock,16.0
448.0,Christopher Samba,16.0
448.0,Graeme Sharp,16.0
448.0,Andy Sinton,16.0
448.0,Martin Skrtel,16.0
448.0,Paul Walsh,16.0
473.0,Simon Barker,15.0
473.0,Jimmy Bullard,15.0
473.0,Marouane Chamakh,15.0
473.0,Ashley Cole,15.0
473.0,Scott Dann,15.0
473.0,Roberto Di Matteo,15.0
473.0,Ryan Fraser,15.0
473.0,Michael Hughes,15.0
473.0,Glen Johnson,15.0
473.0,Ki Sung-yueng,15.0
473.0,Kevin Kilbane,15.0
473.0,Dave Kitson,15.0
473.0,Jim Magilton,15.0
473.0,Shaun Maloney,15.0
473.0,Gareth McAuley,15.0
473.0,Clinton Morrison,15.0
473.0,Matt Oakley,15.0
473.0,Divock Origi,15.0
473.0,Carlton Palmer,15.0
473.0,Arjen Robben,15.0
473.0,Maxi Rodríguez,15.0
473.0,Branko Strupar,15.0
473.0,David Thompson,15.0
473.0,Nemanja Vidic,15.0
473.0,David Wetherall,15.0
498.0,Abou Diaby,14.0
498.0,Xabi Alonso,14.0
498.0,Elano,14.0
498.0,Lars Bohinen,14.0
498.0,Craig Burley,14.0
498.0,DJ Campbell,14.0
498.0,Robinho,14.0
498.0,Geovanni,14.0
498.0,Franco Di Santo,14.0
498.0,Jordi Gómez,14.0
498.0,Dan Gosling,14.0
498.0,Mustapha Hadji,14.0
498.0,Hermann Hreidarsson,14.0
498.0,Bojan,14.0
498.0,Erik Lamela,14.0
498.0,Kevin Lisbie,14.0
498.0,Steve Lomas,14.0
498.0,David Nugent,14.0
498.0,Shinji Okazaki,14.0
498.0,Jay Jay Okocha,14.0
498.0,Jermaine Pennant,14.0
498.0,Anthony Pilkington,14.0
498.0,Neil Redfearn,14.0
498.0,Stuart Ripley,14.0
498.0,James Scowcroft,14.0
498.0,Ryan Shawcross,14.0
498.0,Jonjo Shelvey,14.0
498.0,Jon Stead,14.0
498.0,Alan Thompson,14.0
498.0,Christian Ziege,14.0
528.0,Alun Armstrong,13.0
528.0,Hatem Ben Arfa,13.0
528.0,Danny Cadamarteri,13.0
528.0,Ivan Campo,13.0
528.0,Lee Clark,13.0
528.0,Tom Cleverley,13.0
528.0,Colin Cooper,13.0
528.0,Abdoulaye Doucouré,13.0
528.0,Mark Draper,13.0
528.0,Robert Earnshaw,13.0
528.0,Brett Emerton,13.0
528.0,Graham Fenton,13.0
528.0,Paul Furlong,13.0
528.0,Shaun Goater,13.0
528.0,Bafétimbi Gomis,13.0
528.0,Ilkay Gündogan,13.0
528.0,Barry Hayles,13.0
528.0,Raúl Jiménez,13.0
528.0,Tommy Johnson,13.0
528.0,Vinnie Jones,13.0
528.0,James McCarthy,13.0
528.0,Henrikh Mkhitaryan,13.0
528.0,Luka Modric,13.0
528.0,Trevor Morley,13.0
528.0,John O'Shea,13.0
528.0,Ian Olney,13.0
528.0,Roberto Pereyra,13.0
528.0,David Platt,13.0
528.0,Morgan Schneiderlin,13.0
528.0,Steve Sedgley,13.0
528.0,Scott Sinclair,13.0
528.0,Steve Staunton,13.0
528.0,Andy Townsend,13.0
528.0,Bernardo Silva,13.0
528.0,Thomas Vermaelen,13.0
528.0,Paul Warhurst,13.0
528.0,John Wark,13.0
528.0,Roy Wegerle,13.0
528.0,Paul Wilkinson,13.0
567.0,Neil Adams,12.0
567.0,Tony Adams,12.0
567.0,Niclas Alexandersson,12.0
567.0,Neal Ardley,12.0
567.0,Mark Atkins,12.0
567.0,Michy Batshuayi,12.0
567.0,Mikkel Beck,12.0
567.0,Ciaran Clark,12.0
567.0,Craig Dawson,12.0
567.0,Mousa Dembélé,12.0
567.0,Samuel Eto'o,12.0
567.0,Dietmar Hamann,12.0
567.0,Ander Herrera,12.0
567.0,Wes Hoolahan,12.0
567.0,Geoff Horsfield,12.0
567.0,Steve Howey,12.0
567.0,Tom Huddlestone,12.0
567.0,Andy Impey,12.0
567.0,Younes Kaboul,12.0
567.0,Marlon King,12.0
567.0,Cheikhou Kouyaté,12.0
567.0,Adam Le Fondre,12.0
567.0,Graeme Le Saux,12.0
567.0,Jason Lee,12.0
567.0,Gavin McCann,12.0
567.0,Youssouf Mulumbu,12.0
567.0,David N'Gog,12.0
567.0,Oumar Niasse,12.0
567.0,Allan Nielsen,12.0
567.0,Geremi,12.0
567.0,Brett Ormerod,12.0
567.0,Alex Oxlade-Chamberlain,12.0
567.0,Franck Queudrue,12.0
567.0,Alex Rae,12.0
567.0,Hal Robson-Kanu,12.0
567.0,Moussa Sissoko,12.0
567.0,Chris Smalling,12.0
567.0,Steven Taylor,12.0
567.0,Jo Tessem,12.0
567.0,Kolo Touré,12.0
567.0,Ben Watson,12.0
608.0,Ade Akinbiyi,11.0
608.0,Darren Ambrose,11.0
608.0,Robbie Blake,11.0
608.0,Yannick Bolasie,11.0
608.0,Emmerson Boyce,11.0
608.0,Steve Bruce,11.0
608.0,Dominic Calvert-Lewin,11.0
608.0,Steve Claridge,11.0
608.0,Andy Clarke,11.0
608.0,James Collins,11.0
608.0,Michael Dawson,11.0
608.0,Richard Dunne,11.0
608.0,Rio Ferdinand,11.0
608.0,Marc-Antoine Fortuné,11.0
608.0,Damien Francis,11.0
608.0,Jon Goodman,11.0
608.0,Yoan Gouffran,11.0
608.0,Thomas Gravesen,11.0
608.0,John Hendrie,11.0
608.0,Andy Hinchcliffe,11.0
608.0,Graham Hyde,11.0
608.0,Alex Iwobi,11.0
608.0,Aleksandar Kolarov,11.0
608.0,Adrian Littlejohn,11.0
608.0,David Luiz,11.0
608.0,Steve Marlet,11.0
608.0,James McClean,11.0
608.0,Steven Nzonzi,11.0
608.0,Dimitri Payet,11.0
608.0,Ian Pearce,11.0
608.0,Emmanuel Petit,11.0
608.0,Frédéric Piquionne,11.0
608.0,Pavel Pogrebnyak,11.0
608.0,Karl-Heinz Riedle,11.0
608.0,Alan Stubbs,11.0
608.0,Jerome Thomas,11.0
608.0,James Tomkins,11.0
608.0,Enner Valencia,11.0
608.0,Chris Waddle,11.0
608.0,Mark Walters,11.0
608.0,John Williams,11.0
649.0,Benik Afobe,10.0
649.0,Nathan Aké,10.0
649.0,Martin Allen,10.0
649.0,John Aloisi,10.0
649.0,Afonso Alves,10.0
649.0,Daniel Amokachi,10.0
649.0,Stuart Barlow,10.0
649.0,Warren Barton,10.0
649.0,Darren Beckford,10.0
649.0,Leon Best,10.0
649.0,Titus Bramble,10.0
649.0,Emre Can,10.0
649.0,Etienne Capoue,10.0
649.0,Nikolaos Dabizas,10.0
649.0,Sean Davis,10.0
649.0,Gilles De Bilde,10.0
649.0,Matt Derbyshire,10.0
649.0,Eric Dier,10.0
649.0,Sylvan Ebanks-Blake,10.0
649.0,Robbie Elliott,10.0
649.0,Jonny Evans,10.0
649.0,Abdoulaye Faye,10.0
649.0,Mathieu Flamini,10.0
649.0,Marc Vivien Foe,10.0
649.0,Diego Forlán,10.0
649.0,Dougie Freedman,10.0
649.0,Manolo Gabbiadini,10.0
649.0,Ricardo Gardner,10.0
649.0,Pascal Groß,10.0
649.0,Asamoah Gyan,10.0
649.0,Gunnar Halle,10.0
649.0,Brede Hangeland,10.0
649.0,Thomas Hitzlsperger,10.0
649.0,Bryan Hughes,10.0
649.0,Andy Hunt,10.0
649.0,Stern John,10.0
649.0,Tugay,10.0
649.0,Ledley King,10.0
649.0,Leroy Lita,10.0
649.0,Joselu,10.0
649.0,John Moncur,10.0
649.0,Kenneth Monkou,10.0
649.0,Steve Morison,10.0
649.0,Robbie Mustoe,10.0
649.0,Matt Phillips,10.0
649.0,David Phillips,10.0
649.0,Serhiy Rebrov,10.0
649.0,Nigel Reo-Coker,10.0
649.0,Lucas Moura,10.0
649.0,Jack Rodwell,10.0
649.0,Ronnie Rosenthal,10.0
649.0,Vladimir Smicer,10.0
649.0,Davor Suker,10.0
649.0,Victor Wanyama,10.0
649.0,Dane Whitehouse,10.0
649.0,Amr Zaki,10.0
705.0,Daniel Agger,9.0
705.0,Faustino Asprilla,9.0
705.0,Peter Atherton,9.0
705.0,Paul Bernard,9.0
705.0,Mark Bowen,9.0
705.0,George Boyd,9.0
705.0,Titi Camara,9.0
705.0,Michael Chopra,9.0
705.0,Jack Colback,9.0
705.0,Steve Cook,9.0
705.0,Jody Craddock,9.0
705.0,Charlie Daniels,9.0
705.0,Jonathan de Guzmán,9.0
705.0,Lee Dixon,9.0
705.0,Jason Dodd,9.0
705.0,John Ebbrell,9.0
705.0,Willie Falconer,9.0
705.0,Jostein Flo,9.0
705.0,Jeremy Goss,9.0
705.0,Jonathan Greening,9.0
705.0,Steve Guppy,9.0
705.0,Richard Hall,9.0
705.0,James Harper,9.0
705.0,Danny Higginbotham,9.0
705.0,Richard Holden,9.0
705.0,David Howells,9.0
705.0,Paul Konchesky,9.0
705.0,Gervinho,9.0
705.0,Ruben Loftus-Cheek,9.0
705.0,Peter Løvenkrands,9.0
705.0,Jamie Mackie,9.0
705.0,Lee McCulloch,9.0
705.0,Steve Mounie,9.0
705.0,Ryan Nelsen,9.0
705.0,Phil Neville,9.0
705.0,Erik Nevland,9.0
705.0,Jamie O'Hara,9.0
705.0,Gary Pallister,9.0
705.0,Felipe Anderson,9.0
705.0,Stiliyan Petrov,9.0
705.0,Gastón Ramírez,9.0
705.0,Matt Ritchie,9.0
705.0,Iwan Roberts,9.0
705.0,Danny Rose,9.0
705.0,Scott Sellars,9.0
705.0,Andriy Shevchenko,9.0
705.0,Mikaël Silvestre,9.0
705.0,Mathias Svensson,9.0
705.0,Anders Svensson,9.0
705.0,Gerry Taggart,9.0
705.0,Diogo Jota,9.0
705.0,Michael Turner,9.0
705.0,Matt Upson,9.0
705.0,David Weir,9.0
705.0,Devon White,9.0
705.0,Clive Wilson,9.0
705.0,Luke Young,9.0
705.0,Pablo Zabaleta,9.0
705.0,Mauro Zárate,9.0
764.0,Philippe Albert,8.0
764.0,Jérémie Aliadière,8.0
764.0,Julio Arca,8.0
764.0,Eirik Bakke,8.0
764.0,Michael Ball,8.0
764.0,Nicky Banger,8.0
764.0,Gary Bannister,8.0
764.0,Jermaine Beckford,8.0
764.0,Henning Berg,8.0
764.0,Gudni Bergsson,8.0
764.0,Diniyar Bilyaletdinov,8.0
764.0,Carlos Bocanegra,8.0
764.0,Robbie Brady,8.0
764.0,Horacio Carbonari,8.0
764.0,Stephen Carr,8.0
764.0,Steven Caulker,8.0
764.0,Jack Cork,8.0
764.0,Jordi Cruyff,8.0
764.0,Marc Degryse,8.0
764.0,Aruna Dindane,8.0
764.0,Papa Bouba Diop,8.0
764.0,Graham Dorrans,8.0
764.0,Talal El Karkouri,8.0
764.0,Gianluca Festa,8.0
764.0,Sean Flynn,8.0
764.0,Per Frandsen,8.0
764.0,Scot Gemmill,8.0
764.0,Dean Gordon,8.0
764.0,Demarai Gray,8.0
764.0,Colin Hendry,8.0
764.0,Abel Hernández,8.0
764.0,Alyaksandr Hleb,8.0
764.0,Ray Houghton,8.0
764.0,Jonny Howson,8.0
764.0,Robert Hulse,8.0
764.0,Radhi Jaidi,8.0
764.0,Daryl Janmaat,8.0
764.0,Richard Jobson,8.0
764.0,Ronny Johnsen,8.0
764.0,Stevan Jovetic,8.0
764.0,Jeff Kenna,8.0
764.0,Temuri Ketsbaia,8.0
764.0,Andy King,8.0
764.0,Martin Laursen,8.0
764.0,Chung-Yong Lee,8.0
764.0,Sylvain Legwinski,8.0
764.0,David Lowe,8.0
764.0,Russell Martin,8.0
764.0,David May,8.0
764.0,Eddie McGoldrick,8.0
764.0,Olof Mellberg,8.0
764.0,Clive Mendonca,8.0
764.0,Joe-Max Moore,8.0
764.0,Wes Morgan,8.0
764.0,Fernando Morientes,8.0
764.0,Jon Newsome,8.0
764.0,Andy O'Brien,8.0
764.0,Jonas Olsson,8.0
764.0,Darren Peacock,8.0
764.0,Chris Perry,8.0
764.0,Steven Reid,8.0
764.0,Micah Richards,8.0
764.0,Chris Riggott,8.0
764.0,Cedric Roussel,8.0
764.0,Bryan Ruiz,8.0
764.0,John Salako,8.0
764.0,Georgios Samaras,8.0
764.0,Jeffrey Schlupp,8.0
764.0,Frank Sinclair,8.0
764.0,Islam Slimani,8.0
764.0,Alan Smith,8.0
764.0,Ryan Taylor,8.0
764.0,Andrew Todd,8.0
764.0,Cenk Tosun,8.0
764.0,Virgil van Dijk,8.0
764.0,Ricardo Vaz Tê,8.0
764.0,Juan Sebastián Verón,8.0
764.0,Steve Walsh,8.0
764.0,Stephen Warnock,8.0
764.0,Jack Wilshere,8.0
764.0,Joseph Yobo,8.0
845.0,Graham Alexander,7.0
845.0,Morgan Amalfitano,7.0
845.0,Keith Andrews,7.0
845.0,Aljosa Asanovic,7.0
845.0,Phil Bardsley,7.0
845.0,Kingsley Black,7.0
845.0,Paul Bodin,7.0
845.0,Hameur Bouazza,7.0
845.0,David Brooks,7.0
845.0,Neil Clement,7.0
845.0,Jack Collison,7.0
845.0,José Fonte,7.0
845.0,Edu,7.0
845.0,Curtis Davies,7.0
845.0,Fabian Delph,7.0
845.0,Alessandro Diamanti,7.0
845.0,Alex,7.0
845.0,Sylvain Distin,7.0
845.0,Darren Eadie,7.0
845.0,Chris Eagles,7.0
845.0,Stefano Eranio,7.0
845.0,Patrice Evra,7.0
845.0,Chris Fairclough,7.0
845.0,Stephen Glass,7.0
845.0,Jesper Grønkjaer,7.0
845.0,Jonás Gutiérrez,7.0
845.0,Jeff Hendrick,7.0
845.0,David Hopkin,7.0
845.0,Nikola Kalinic,7.0
845.0,N'Golo Kanté,7.0
845.0,Michael Kightly,7.0
845.0,Georgi Kinkladze,7.0
845.0,Zat Knight,7.0
845.0,Shefki Kuqi,7.0
845.0,Liam Lawrence,7.0
845.0,Stan Lazaridis,7.0
845.0,Anders Limpar,7.0
845.0,Jake Livermore,7.0
845.0,Dejan Lovren,7.0
845.0,James Maddison,7.0
845.0,Harry Maguire,7.0
845.0,Dieudonne Mbokani Bezua,7.0
845.0,Jason McAteer,7.0
845.0,Leon McKenzie,7.0
845.0,Raul Meireles,7.0
845.0,Nacho Monreal,7.0
845.0,Aaron Mooy,7.0
845.0,Shkodran Mustafi,7.0
845.0,Jordon Mutch,7.0
845.0,Jan Mølby,7.0
845.0,Eddie Newton,7.0
845.0,Shabani Nonda,7.0
845.0,Stefano Okaka,7.0
845.0,Andy Reid,7.0
845.0,Martijn Reuser,7.0
845.0,Claudio Reyna,7.0
845.0,Dean Richards,7.0
845.0,Kevin Richardson,7.0
845.0,Petter Rudi,7.0
845.0,John Sheridan,7.0
845.0,Craig Short,7.0
845.0,Ricardo Carvalho,7.0
845.0,Roberto Soldado,7.0
845.0,Alexandre Song,7.0
845.0,Mario Stanic,7.0
845.0,Dejan Stefanovic,7.0
845.0,Gordon Strachan,7.0
845.0,Adel Taarabt,7.0
845.0,Somen Tchoyi,7.0
845.0,Paul Telfer,7.0
845.0,Svetoslav Todorov,7.0
845.0,John Utaka,7.0
845.0,Pierre van Hooijdonk,7.0
845.0,James Vaughan,7.0
845.0,Ramon Vega,7.0
845.0,Ashley Westwood,7.0
845.0,David Wheater,7.0
845.0,Dean Whitehead,7.0
845.0,Granit Xhaka,7.0
924.0,Clarence Acuna,6.0
924.0,Toby Alderweireld,6.0
924.0,Marcus Allbäck,6.0
924.0,Eduardo da Silva,6.0
924.0,César Azpilicueta,6.0
924.0,Markus Babbel,6.0
924.0,Leandro Bacuna,6.0
924.0,Sebastien Bassong,6.0
924.0,Roman Bednar,6.0
924.0,Héctor Bellerín,6.0
924.0,Johann Gudmundsson,6.0
924.0,Olivier Bernard,6.0
924.0,Ryan Bertrand,6.0
924.0,Paulinho,6.0
924.0,Lauren,6.0
924.0,Jeroen Boere,6.0
924.0,Jay Bothroyd,6.0
924.0,Colin Calderwood,6.0
924.0,Gary Caldwell,6.0
924.0,Tony Cascarino,6.0
924.0,Lee Cattermole,6.0
924.0,Pascal Chimbonda,6.0
924.0,Stephen Clemence,6.0
924.0,Sam Clucas,6.0
924.0,Tamir Cohen,6.0
924.0,Chris Coleman,6.0
924.0,Wayne Collins,6.0
924.0,Neil Cox,6.0
924.0,Keith Curle,6.0
924.0,Pedro Mendes,6.0
924.0,Samuele Dalla Bona,6.0
924.0,Ben Davies,6.0
924.0,Jô,6.0
924.0,Laurent Depoitre,6.0
924.0,Marcel Desailly,6.0
924.0,Scott Dobie,6.0
924.0,Gary Doherty,6.0
924.0,Christophe Dugarry,6.0
924.0,Paul Gallagher,6.0
924.0,Finidi George,6.0
924.0,Rudy Gestede,6.0
924.0,Bjarne Goldbaek,6.0
924.0,Bontcho Guenchev,6.0
924.0,Nick Henry,6.0
924.0,Glyn Hodges,6.0
924.0,Gary Hooper,6.0
924.0,Mile Jedinak,6.0
924.0,Bradley Johnson,6.0
924.0,Gavin Johnson,6.0
924.0,Ryan Jones,6.0
924.0,Shinji Kagawa,6.0
924.0,Olivier Kapo,6.0
924.0,Patrick Kluivert,6.0
924.0,Jason Koumas,6.0
924.0,Joe Ledley,6.0
924.0,Mickaël Madar,6.0
924.0,Chris Marsden,6.0
924.0,Paul Mason,6.0
924.0,Alex Mathie,6.0
924.0,Nemanja Matic,6.0
924.0,Alfie Mawson,6.0
924.0,John McGinlay,6.0
924.0,Paul McGrath,6.0
924.0,Mario Melchiot,6.0
924.0,Per Mertesacker,6.0
924.0,Kenny Miller,6.0
924.0,Danny Mills,6.0
924.0,Robert Molenaar,6.0
924.0,Andy Mutch,6.0
924.0,Adrian Mutu,6.0
924.0,Dame N'Doye,6.0
924.0,Gary Naysmith,6.0
924.0,Lucas Neill,6.0
924.0,Martin Olsson,6.0
924.0,Nicolás Otamendi,6.0
924.0,Walter Pandiani,6.0
924.0,Denilson,6.0
924.0,Lee Power,6.0
924.0,Winston Reid,6.0
924.0,John Robinson,6.0
924.0,Paul Rogers,6.0
924.0,Richard Rufus,6.0
924.0,Lawrie Sanchez,6.0
924.0,Facundo Sava,6.0
924.0,Philippe Senderos,6.0
924.0,Tommy Smith,6.0
924.0,Phil Stamp,6.0
924.0,Nicky Summerbee,6.0
924.0,Andrew Surman,6.0
924.0,Gary Taylor-Fletcher,6.0
924.0,Michael Thomas,6.0
924.0,Claus Thomsen,6.0
924.0,Kyle Walker,6.0
924.0,Stephen Ward,6.0
924.0,Dave Watson,6.0
924.0,Ashley Williams,6.0
924.0,Jonathan Woodgate,6.0
924.0,Maya Yoshida,6.0
924.0,Eric Young,6.0
1023.0,Samassi Abou,5.0
1023.0,Tammy Abraham,5.0
1023.0,Malcolm Allen,5.0
1023.0,Scott Arfield,5.0
1023.0,Celestine Babayaro,5.0
1023.0,David Batty,5.0
1023.0,Nadir Belhadj,5.0
1023.0,Emre,5.0
1023.0,Felipe Caicedo,5.0
1023.0,Víctor Camarasa,5.0
1023.0,Esteban Cambiasso,5.0
1023.0,Franz Carr,5.0
1023.0,Craig Cathcart,5.0
1023.0,Calum Chambers,5.0
1023.0,Eric Maxim Choupo-Moting,5.0
1023.0,Jamie Clapham,5.0
1023.0,Alan Cork,5.0
1023.0,Aaron Cresswell,5.0
1023.0,Sasa Curcic,5.0
1023.0,Olivier Dacourt,5.0
1023.0,Julian Darby,5.0
1023.0,Mark Davies,5.0
1023.0,Anderson,5.0
1023.0,Bobby De Cordova-Reid,5.0
1023.0,Fabian De Freitas,5.0
1023.0,Deco,5.0
1023.0,Ashkan Dejagah,5.0
1023.0,Michael Duberry,5.0
1023.0,Shane Duffy,5.0
1023.0,Bruce Dyer,5.0
1023.0,Emmanuel Eboué,5.0
1023.0,David Edwards,5.0
1023.0,Ronnie Ekelund,5.0
1023.0,Ahmed El Mohamady,5.0
1023.0,Nathan Ellington,5.0
1023.0,Craig Fagan,5.0
1023.0,Radamel Falcao,5.0
1023.0,Fabrice Fernandes,5.0
1023.0,Caleb Folan,5.0
1023.0,Quinton Fortune,5.0
1023.0,Jonathan Fortune,5.0
1023.0,Guillermo Franco,5.0
1023.0,Paul Gascoigne,5.0
1023.0,Brian Gayle,5.0
1023.0,Darron Gibson,5.0
1023.0,Michael Gray,5.0
1023.0,Juliano Belletti,5.0
1023.0,David Healy,5.0
1023.0,Neil Heaney,5.0
1023.0,Pablo Hernández,5.0
1023.0,Gonzalo Higuaín,5.0
1023.0,José Holebas,5.0
1023.0,Matt Holmes,5.0
1023.0,Aaron Hughes,5.0
1023.0,Stephen Hughes,5.0
1023.0,José Izquierdo,5.0
1023.0,Adnan Januzaj,5.0
1023.0,Jirí Jarosik,5.0
1023.0,Nigel Jemson,5.0
1023.0,Seth Johnson,5.0
1023.0,Wim Jonk,5.0
1023.0,Alexander Kacaniklic,5.0
1023.0,Jimmy Kébé,5.0
1023.0,Marc Keller,5.0
1023.0,Mark Kinsella,5.0
1023.0,Anthony Knockaert,5.0
1023.0,Willem Korsten,5.0
1023.0,Denny Landzaat,5.0
1023.0,Jamaal Lascelles,5.0
1023.0,Grant Leadbitter,5.0
1023.0,David Lee,5.0
1023.0,Neil Lennon,5.0
1023.0,Andy Linighan,5.0
1023.0,Jari Litmanen,5.0
1023.0,Attilio Lombardo,5.0
1023.0,Mike Marsh,5.0
1023.0,Philemon Masinga,5.0
1023.0,Mike Milligan,5.0
1023.0,Lee Mills,5.0
1023.0,Simon Milton,5.0
1023.0,Kevin Moran,5.0
1023.0,Jody Morris,5.0
1023.0,Emile Mpenza,5.0
1023.0,Fabrice Muamba,5.0
1023.0,Sulley Muntari,5.0
1023.0,Gary Neville,5.0
1023.0,Rob Newman,5.0
1023.0,Michel Ngonge,5.0
1023.0,Rafael,5.0
1023.0,Mladen Petric,5.0
1023.0,Karel Poborsky,5.0
1023.0,Darryl Powell,5.0
1023.0,Marc Pugh,5.0
1023.0,Marc Rieper,5.0
1023.0,Fábio Rochemback,5.0
1023.0,Gary Rowett,5.0
1023.0,Bakary Sako,5.0
1023.0,Vinny Samways,5.0
1023.0,Stefan Schwarz,5.0
1023.0,Seol Ki-Hyeon,5.0
1023.0,Gerald Sibon,5.0
1023.0,Mamady Sidibe,5.0
1023.0,Florent Sinama-Pongolle,5.0
1023.0,Allan Smart,5.0
1023.0,Adam Smith,5.0
1023.0,Trond Egil Soltvedt,5.0
1023.0,Paul Stewart,5.0
1023.0,Mick Stockwell,5.0
1023.0,Robert Ullathorne,5.0
1023.0,Luke Varney,5.0
1023.0,David Vaughan,5.0
1023.0,Carlos Vela,5.0
1023.0,Jan Vertonghen,5.0
1023.0,Andrey Voronin,5.0
1023.0,Paul Williams,5.0
1023.0,Danny Williamson,5.0
1023.0,Nigel Winterburn,5.0
1023.0,Alan Wright,5.0
1023.0,Tommy Wright,5.0
1023.0,Mark Wright,5.0
1023.0,Nikola Zigic,5.0
1144.0,Gary Ablett,4.0
1144.0,Micky Adams,4.0
1144.0,Nolito,4.0
1144.0,Paul Allen,4.0
1144.0,Andreas Andersson,4.0
1144.0,Ilan Araujo,4.0
1144.0,Oussama Assaidi,4.0
1144.0,Benoit Assou-Ekotto,4.0
1144.0,Phil Babb,4.0
1144.0,Chris Baird,4.0
1144.0,Ibrahima Bakayoko,4.0
1144.0,Sol Bamba,4.0
1144.0,Darren Barnard,4.0
1144.0,Valon Behrami,4.0
1144.0,David Bellion,4.0
1144.0,Rolando Bianchi,4.0
1144.0,André Bikey,4.0
1144.0,Ian Bishop,4.0
1144.0,Daley Blind,4.0
1144.0,Fredi Bobic,4.0
1144.0,Willy Boly,4.0
1144.0,Thomas Brolin,4.0
1144.0,Wes Brown,4.0
1144.0,Michael Brown,4.0
1144.0,David Busst,4.0
1144.0,Colin Cameron,4.0
1144.0,Andy Campbell,4.0
1144.0,Tiago,4.0
1144.0,Darren Caskey,4.0
1144.0,Stewart Castledine,4.0
1144.0,Nathaniel Clyne,4.0
1144.0,Fabricio Coloccini,4.0
1144.0,Daniel Cousin,4.0
1144.0,Jamie Cureton,4.0
1144.0,Danilo,4.0
1144.0,Rúben Neves,4.0
1144.0,Martin Dahlin,4.0
1144.0,Christian Dailly,4.0
1144.0,Tom Davies,4.0
1144.0,Marten de Roon,4.0
1144.0,Arjan De Zeeuw,4.0
1144.0,David Di Michele,4.0
1144.0,Lucas Digne,4.0
1144.0,Matt Doherty,4.0
1144.0,Jose Dominguez,4.0
1144.0,Daniel Drinkwater,4.0
1144.0,Ilie Dumitrescu,4.0
1144.0,Gordon Durie,4.0
1144.0,Wade Elliott,4.0
1144.0,Dickson Etuhu,4.0
1144.0,Mickey Evans,4.0
1144.0,Peter Fear,4.0
1144.0,Anton Ferdinand,4.0
1144.0,Maynor Figueroa,4.0
1144.0,Mark Fish,4.0
1144.0,Mauro Formica,4.0
1144.0,Stephen Froggatt,4.0
1144.0,Ramiro Funes Mori,4.0
1144.0,Emanuele Giaccherini,4.0
1144.0,Karlan Grant,4.0
1144.0,Carl Griffiths,4.0
1144.0,Gilles Grimandi,4.0
1144.0,Sandro,4.0
1144.0,Ruud Gullit,4.0
1144.0,Danny Guthrie,4.0
1144.0,Ian Holloway,4.0
1144.0,Georgi Hristov,4.0
1144.0,Will Hughes,4.0
1144.0,Ritchie Humphreys,4.0
1144.0,Pierre-Emile Højbjerg,4.0
1144.0,Jordon Ibe,4.0
1144.0,Brown Ideye,4.0
1144.0,Junichi Inamoto,4.0
1144.0,Ivar Ingimarsson,4.0
1144.0,Matt Jackson,4.0
1144.0,Simeon Jackson,4.0
1144.0,Eoin Jess,4.0
1144.0,Andreas Johansson,4.0
1144.0,Damien Johnson,4.0
1144.0,Christian Kabasele,4.0
1144.0,Christian Karembeu,4.0
1144.0,Martin Keown,4.0
1144.0,Mateja Kezman,4.0
1144.0,Darko Kovacevic,4.0
1144.0,Libor Kozák,4.0
1144.0,Jamie Lawrence,4.0
1144.0,Carl Leaburn,4.0
1144.0,David Linighan,4.0
1144.0,Federico Macheda,4.0
1144.0,Modibo Maiga,4.0
1144.0,Lazar Markovic,4.0
1144.0,Dean Marney,4.0
1144.0,Craig Maskell,4.0
1144.0,Sean McCarthy,4.0
1144.0,Nathaniel Mendez-Laing,4.0
1144.0,Gaizka Mendieta,4.0
1144.0,David Meyler,4.0
1144.0,Nenad Milijas,4.0
1144.0,Scott Minto,4.0
1144.0,Emerson,4.0
1144.0,Lee Morris,4.0
1144.0,Daryl Murphy,4.0
1144.0,Bruno N'Gotty,4.0
1144.0,Jesús Navas,4.0
1144.0,Wilfred Ndidi,4.0
1144.0,Ian Nolan,4.0
1144.0,Kenedy,4.0
1144.0,Nedum Onuoha,4.0
1144.0,Noé Pamarot,4.0
1144.0,Callum Paterson,4.0
1144.0,Martin Paterson,4.0
1144.0,Andy Pearce,4.0
1144.0,Lucas Pérez,4.0
1144.0,Emanuel Pogatetz,4.0
1144.0,Andy Preece,4.0
1144.0,Martin Pringle,4.0
1144.0,Preki,4.0
1144.0,Angel Rangel,4.0
1144.0,Alan Reeves,4.0
1144.0,Fernando,4.0
1144.0,David Rennie,4.0
1144.0,Bruno Ribeiro,4.0
1144.0,Albert Riera,4.0
1144.0,Aki Riihilahti,4.0
1144.0,Andy Ritchie,4.0
1144.0,David Rocastle,4.0
1144.0,Simon Rodger,4.0
1144.0,Alan Rogers,4.0
1144.0,Oriol Romeu,4.0
1144.0,Dennis Rommedahl,4.0
1144.0,Robert Rosario,4.0
1144.0,Craig Russell,4.0
1144.0,Bacary Sagna,4.0
1144.0,Fabian Schär,4.0
1144.0,Keith Scott,4.0
1144.0,Robbie Slater,4.0
1144.0,Bernie Slaven,4.0
1144.0,David Sommeil,4.0
1144.0,Grétar Steinsson,4.0
1144.0,Cristhian Stuani,4.0
1144.0,Michael Svensson,4.0
1144.0,Shaun Taylor,4.0
1144.0,Steven Thompson,4.0
1144.0,Mark Venus,4.0
1144.0,Michel Vonk,4.0
1144.0,Matej Vydra,4.0
1144.0,Joel Ward,4.0
1144.0,George Weah,4.0
1144.0,Danny Webber,4.0
1144.0,Glenn Whelan,4.0
1144.0,Peter Whittingham,4.0
1144.0,Steve Whitton,4.0
1144.0,Kurt Zouma,4.0
1297.0,Antolin Alcaraz,3.0
1297.0,Lorenzo Amoruso,3.0
1297.0,Viv Anderson,3.0
1297.0,Florin Andone,3.0
1297.0,Stuart Armstrong,3.0
1297.0,Harry Arter,3.0
1297.0,Christian Atsu,3.0
1297.0,Fábio Aurélio,3.0
1297.0,Kevin Ball,3.0
1297.0,David Bardsley,3.0
1297.0,DaMarcus Beasley,3.0
1297.0,Jean Beausejour,3.0
1297.0,Ali Benarbia,3.0
1297.0,Christian Benitez,3.0
1297.0,Ryan Bennett,3.0
1297.0,Nicola Berti,3.0
1297.0,Mark Blake,3.0
1297.0,Regi Blinker,3.0
1297.0,Gary Blissett,3.0
1297.0,Kevin-Prince Boateng,3.0
1297.0,José Bosingwa,3.0
1297.0,Sofiane Boufal,3.0
1297.0,Carl Bradshaw,3.0
1297.0,Paul Michael Branch,3.0
1297.0,Tim Breacker,3.0
1297.0,Gary Breen,3.0
1297.0,Mark Brennan,3.0
1297.0,Wayne Bridge,3.0
1297.0,Ian Bryson,3.0
1297.0,David Burrows,3.0
1297.0,Steven Caldwell,3.0
1297.0,Joel Campbell,3.0
1297.0,Jamie Carragher,3.0
1297.0,Darren Carter,3.0
1297.0,Ivan Cavaleiro,3.0
1297.0,Nick Chadwick,3.0
1297.0,Gary Charles,3.0
1297.0,Simon Charlton,3.0
1297.0,Laurent Charvet,3.0
1297.0,James Chester,3.0
1297.0,Gaël Clichy,3.0
1297.0,Danny Collins,3.0
1297.0,John Collins,3.0
1297.0,Paul Cook,3.0
1297.0,Bernardo Corradi,3.0
1297.0,Steve Cotterill,3.0
1297.0,Gerry Creaney,3.0
1297.0,Ian Crook,3.0
1297.0,Carlos Cuellar,3.0
1297.0,Pascal Cygan,3.0
1297.0,Manuel da Costa,3.0
1297.0,Tony Daley,3.0
1297.0,Stéphane Dalmat,3.0
1297.0,Damien Delaney,3.0
1297.0,Martín Demichelis,3.0
1297.0,Paul Devlin,3.0
1297.0,Ángel Di María,3.0
1297.0,Didier Domi,3.0
1297.0,Mal Donaghy,3.0
1297.0,O'Neill Donaldson,3.0
1297.0,Tony Dorigo,3.0
1297.0,Royston Drenthe,3.0
1297.0,Lewis Dunk,3.0
1297.0,Karim El Ahmadi,3.0
1297.0,John Eustace,3.0
1297.0,Sofiane Feghouli,3.0
1297.0,Barry Ferguson,3.0
1297.0,Gelson Fernandes,3.0
1297.0,Robert Fleck,3.0
1297.0,Ioan Viorel Ganea,3.0
1297.0,Maurizio Gaudino,3.0
1297.0,Gaël Givet,3.0
1297.0,Paul Goddard,3.0
1297.0,Danny Granville,3.0
1297.0,Julian Gray,3.0
1297.0,Scott Green,3.0
1297.0,Idrissa Gueye,3.0
1297.0,Brynjar Gunnarsson,3.0
1297.0,Arnar Gunnlaugsson,3.0
1297.0,Micky Gynn,3.0
1297.0,Gareth Hall,3.0
1297.0,Steve Harkness,3.0
1297.0,Jon Harley,3.0
1297.0,Vegard Heggem,3.0
1297.0,John Heitinga,3.0
1297.0,Darius Henderson,3.0
1297.0,Steve Hodge,3.0
1297.0,Barry Horne,3.0
1297.0,David Hughes,3.0
1297.0,Alan Hutton,3.0
1297.0,Micah Hyde,3.0
1297.0,Vicente Iborra,3.0
1297.0,Tom Ince,3.0
1297.0,Carl Jenkinson,3.0
1297.0,Richard Johnson,3.0
1297.0,Mo Johnston,3.0
1297.0,David Jones,3.0
1297.0,Billy Jones,3.0
1297.0,Steve Jones,3.0
1297.0,Zanka,3.0
1297.0,Aboubakar Kamara,3.0
1297.0,Pajtim Kasami,3.0
1297.0,Michael Keane,3.0
1297.0,Alan Kernaghan,3.0
1297.0,Wahbi Khazri,3.0
1297.0,Vladimir Kinder,3.0
1297.0,Joonas Kolkka,3.0
1297.0,Lamine Koné,3.0
1297.0,Robert Koren,3.0
1297.0,Radoslav Kovac,3.0
1297.0,Sotirios Kyrgiakos,3.0
1297.0,Aymeric Laporte,3.0
1297.0,Jacob Laursen,3.0
1297.0,Anthony Le Tallec,3.0
1297.0,Jeremain Lens,3.0
1297.0,Jürgen Locadia,3.0
1297.0,Carlos Marinelli,3.0
1297.0,Ryan Mason,3.0
1297.0,Joel Matip,3.0
1297.0,Dominic Matteo,3.0
1297.0,Garath McCleary,3.0
1297.0,Alan McDonald,3.0
1297.0,Paul McGregor,3.0
1297.0,Billy McKinlay,3.0
1297.0,Dwight McNeil,3.0
1297.0,Stephen McPhail,3.0
1297.0,Gary McSheffrey,3.0
1297.0,Ben Mee,3.0
1297.0,Neil Mellor,3.0
1297.0,Sylvinho,3.0
1297.0,Ishmael Miller,3.0
1297.0,Tommy Miller,3.0
1297.0,Alberto Moreno,3.0
1297.0,Chris Morris,3.0
1297.0,Ravel Morrison,3.0
1297.0,Sean Morrison,3.0
1297.0,Lys Mousset,3.0
1297.0,Hayden Mullins,3.0
1297.0,Josh Murphy,3.0
1297.0,Kiki Musampa,3.0
1297.0,Christian Nade,3.0
1297.0,Nayim,3.0
1297.0,Ricky Newman,3.0
1297.0,Mark Nicholls,3.0
1297.0,Garry O'Connor,3.0
1297.0,Pedro Obiang,3.0
1297.0,Victor Obinna,3.0
1297.0,Seyi Olofinjana,3.0
1297.0,Simon Osborn,3.0
1297.0,Pablo Daniel Osvaldo,3.0
1297.0,Joe Parkinson,3.0
1297.0,Sixto Peralta,3.0
1297.0,Julio Baptista,3.0
1297.0,Jimmy Phillips,3.0
1297.0,Neil Pointon,3.0
1297.0,Jamie Pollock,3.0
1297.0,Gheorghe Popescu,3.0
1297.0,Hugo Porfirio,3.0
1297.0,Linvoy Primus,3.0
1297.0,Alex Pritchard,3.0
1297.0,Sebastian Prödl,3.0
1297.0,Nigel Quashie,3.0
1297.0,Stephen Quinn,3.0
1297.0,Alan Quinn,3.0
1297.0,Karl Ready,3.0
1297.0,Andy Roberts,3.0
1297.0,Antonio Rüdiger,3.0
1297.0,Matthew Rush,3.0
1297.0,Mamadou Sakho,3.0
1297.0,John Scales,3.0
1297.0,Riccardo Scimeca,3.0
1297.0,Nicky Shorey,3.0
1297.0,Fitzroy Simpson,3.0
1297.0,Danny Sonner,3.0
1297.0,Jack Stephens,3.0
1297.0,Igor Stimac,3.0
1297.0,Sun Jihai,3.0
1297.0,Daryl Sutch,3.0
1297.0,Teemu Tainio,3.0
1297.0,James Tarkowski,3.0
1297.0,Michael Tarnat,3.0
1297.0,Bob Taylor,3.0
1297.0,Martin Taylor,3.0
1297.0,Alexander Tettey,3.0
1297.0,Geoff Thomas,3.0
1297.0,Emerson Thome,3.0
1297.0,Neil Thompson,3.0
1297.0,Youri Tielemans,3.0
1297.0,Carl Tiler,3.0
1297.0,Jon Dahl Tomasson,3.0
1297.0,Diego Tristán,3.0
1297.0,Orlando Trustfull,3.0
1297.0,Andy Turner,3.0
1297.0,Rajiv van La Parra,3.0
1297.0,Eduardo Vargas,3.0
1297.0,Apostolos Vellios,3.0
1297.0,Jan Vennegoor of Hesselink,3.0
1297.0,Emanuel Villa,3.0
1297.0,Ross Wallace,3.0
1297.0,Duncan Watmore,3.0
1297.0,Steven Whittaker,3.0
1297.0,Tommy Widdrington,3.0
1297.0,Clyde Wijnhard,3.0
1297.0,Ray Wilkins,3.0
1297.0,James Wilson,3.0
1297.0,Stuart Wilson,3.0
1297.0,Nigel Worthington,3.0
1297.0,Christopher Wreh,3.0
1297.0,Jermaine Wright,3.0
1297.0,Frank Yallop,3.0
1297.0,Eddie Youds,3.0
1297.0,Theo Zagorakis,3.0
1297.0,Kamil Zayatte,3.0
1297.0,Ronald Zubar,3.0
1297.0,Ysrael Zuniga,3.0
1512.0,Rolando Aarons,2.0
1512.0,Almen Abdi,2.0
1512.0,Ibrahim Afellay,2.0
1512.0,Steve Agnew,2.0
1512.0,Gareth Ainsworth,2.0
1512.0,Trent Alexander-Arnold,2.0
1512.0,Rory Allen,2.0
1512.0,Clive Allen,2.0
1512.0,Jozy Altidore,2.0
1512.0,Sone Aluko,2.0
1512.0,Sammy Ameobi,2.0
1512.0,Vurnon Anita,2.0
1512.0,Álvaro Arbeloa,2.0
1512.0,Serge Aurier,2.0
1512.0,Tiemoué Bakayoko,2.0
1512.0,Igor Balis,2.0
1512.0,Barry Bannan,2.0
1512.0,Alex Baptiste,2.0
1512.0,Ricardo Pereira,2.0
1512.0,Paul Beesley,2.0
1512.0,Elliott Bennett,2.0
1512.0,John Beresford,2.0
1512.0,Thievy,2.0
1512.0,Slaven Bilic,2.0
1512.0,Philip Billing,2.0
1512.0,Igor Biscan,2.0
1512.0,Stig Inge Bjornebye,2.0
1512.0,Clayton Blackmore,2.0
1512.0,Jesper Blomqvist,2.0
1512.0,Jared Borgetti,2.0
1512.0,Brian Borrows,2.0
1512.0,Jovo Bosancic,2.0
1512.0,Paul Bosvelt,2.0
1512.0,Steve Bould,2.0
1512.0,Miguel Britos,2.0
1512.0,Steve Brown,2.0
1512.0,Paul Butler,2.0
1512.0,Alexander Büttner,2.0
1512.0,Ákos Buzsáky,2.0
1512.0,Tom Cairney,2.0
1512.0,Geoff Cameron,2.0
1512.0,Tom Carroll,2.0
1512.0,Jimmy Carter,2.0
1512.0,Luke Chadwick,2.0
1512.0,Steve Chettle,2.0
1512.0,Bruno Cheyrou,2.0
1512.0,Youssef Chippo,2.0
1512.0,André Santos,2.0
1512.0,Simon Coleman,2.0
1512.0,Manucho,2.0
1512.0,Daniel Cordone,2.0
1512.0,Vedran Corluka,2.0
1512.0,Richard Cresswell,2.0
1512.0,Dani,2.0
1512.0,Abel Xavier,2.0
1512.0,Liam Daish,2.0
1512.0,Jean-Claude Darcheville,2.0
1512.0,Calum Davenport,2.0
1512.0,Callum Davidson,2.0
1512.0,Andy Dawson,2.0
1512.0,Ulises de la Cruz,2.0
1512.0,Ritchie de Laet,2.0
1512.0,Mathieu Debuchy,2.0
1512.0,Steven Defour,2.0
1512.0,Mark Delaney,2.0
1512.0,Nathan Delfouneso,2.0
1512.0,Jay DeMerit,2.0
1512.0,Leander Dendoncker,2.0
1512.0,Memphis Depay,2.0
1512.0,Salif Diao,2.0
1512.0,Adama Diomande,2.0
1512.0,Kerry Dixon,2.0
1512.0,Giorgos Donis,2.0
1512.0,Landon Donovan,2.0
1512.0,Paul Dummett,2.0
1512.0,David Edgar,2.0
1512.0,Tahar El-Khalej,2.0
1512.0,Eljero Elia,2.0
1512.0,Gary Elkins,2.0
1512.0,Stephen Elliott,2.0
1512.0,George Elokobi,2.0
1512.0,José Enrique,2.0
1512.0,Gareth Farrelly,2.0
1512.0,Kiko Femenía,2.0
1512.0,Manuel Fernandes,2.0
1512.0,Federico Fernández,2.0
1512.0,Hugo Viana,2.0
1512.0,Curtis Fleming,2.0
1512.0,Chico Flores,2.0
1512.0,Kevin Foley,2.0
1512.0,Daniel Fox,2.0
1512.0,Jorginho,2.0
1512.0,Matty Fryatt,2.0
1512.0,Christian Fuchs,2.0
1512.0,Javi García,2.0
1512.0,Anthony Gardner,2.0
1512.0,Javier Garrido,2.0
1512.0,Phil Gee,2.0
1512.0,Kieran Gibbs,2.0
1512.0,Ben Gibson,2.0
1512.0,Carles Gil,2.0
1512.0,Steve Gohouri,2.0
1512.0,Mark González,2.0
1512.0,Yordi,2.0
1512.0,David Goodwillie,2.0
1512.0,Corrado Grabbi,2.0
1512.0,Tony Grant,2.0
1512.0,Xavier Gravelaine,2.0
1512.0,Andrew Gray,2.0
1512.0,Andy Griffin,2.0
1512.0,Leandre Griffit,2.0
1512.0,Perry Groves,2.0
1512.0,Johannes Karl Gudjonsson,2.0
1512.0,Adlène Guédioura,2.0
1512.0,Aron Gunnarsson,2.0
1512.0,Fitz Hall,2.0
1512.0,Owen Hargreaves,2.0
1512.0,John Harkes,2.0
1512.0,Mark Hateley,2.0
1512.0,Isaac Hayden,2.0
1512.0,Micky Hazard,2.0
1512.0,Ahmed Hegazi,2.0
1512.0,Tomer Hemed,2.0
1512.0,John Hendry,2.0
1512.0,Stuart Holden,2.0
1512.0,Lewis Holtby,2.0
1512.0,Kevin Horlock,2.0
1512.0,Marc Hottiger,2.0
1512.0,Bobby Howe,2.0
1512.0,Jamie Hoyland,2.0
1512.0,Justin Hoyte,2.0
1512.0,Paul Hughes,2.0
1512.0,Noel Hunt,2.0
1512.0,Jonathan Hunt,2.0
1512.0,Lee Hurst,2.0
1512.0,Giannelli Imbula,2.0
1512.0,Klas Ingesson,2.0
1512.0,Wayne Jacobs,2.0
1512.0,Andreas Jakobsson,2.0
1512.0,Vincent Janssen,2.0
1512.0,Dong-Won Ji,2.0
1512.0,Andy Johnson,2.0
1512.0,Michael Johnson,2.0
1512.0,Roger Johnson,2.0
1512.0,Allan Johnston,2.0
1512.0,Phil Jones,2.0
1512.0,Cobi Jones,2.0
1512.0,Naby Keita,2.0
1512.0,Gary Kelly,2.0
1512.0,Stephen Kelly,2.0
1512.0,Mark Kennedy,2.0
1512.0,Matthew Kilgallon,2.0
1512.0,Jovan Kirovski,2.0
1512.0,Radostin Kishishev,2.0
1512.0,Jakob Kjeldbjerg,2.0
1512.0,Kléberson,2.0
1512.0,Sead Kolasinac,2.0
1512.0,Andrej Kramaric,2.0
1512.0,Roland Lamah,2.0
1512.0,Bernard Lambourde,2.0
1512.0,Mikele Leigertwood,2.0
1512.0,Mario Lemina,2.0
1512.0,Jefferson Lerma,2.0
1512.0,Matthew Lowton,2.0
1512.0,Andreas Lund,2.0
1512.0,Des Lyttle,2.0
1512.0,Gary Mabbutt,2.0
1512.0,Jonathan Macken,2.0
1512.0,Alan Mahon,2.0
1512.0,Claude Makelele,2.0
1512.0,Chris Makin,2.0
1512.0,Solly March,2.0
1512.0,Adrian Mariappa,2.0
1512.0,Isaías,2.0
1512.0,Alvin Martin,2.0
1512.0,Stuart McCall,2.0
1512.0,Jay McEveley,2.0
1512.0,John McGreal,2.0
1512.0,Derek McInnes,2.0
1512.0,Callum McManaman,2.0
1512.0,Paul McShane,2.0
1512.0,Scott McTominay,2.0
1512.0,Paul McVeigh,2.0
1512.0,Andy Melville,2.0
1512.0,Bernard Mendy,2.0
1512.0,Nicky Mohan,2.0
1512.0,Vincenzo Montella,2.0
1512.0,Tommy Mooney,2.0
1512.0,Kevin Moore,2.0
1512.0,Darren Moore,2.0
1512.0,Stefan Moore,2.0
1512.0,Steve Morgan,2.0
1512.0,Ahmed Musa,2.0
1512.0,Andy Myers,2.0
1512.0,João Mário,2.0
1512.0,Richard Naylor,2.0
1512.0,Badou Ndiaye,2.0
1512.0,M'Baye Niang,2.0
1512.0,Joey O'Brien,2.0
1512.0,Stefan Oakes,2.0
1512.0,Gabriel Obertan,2.0
1512.0,Angelo Ogbonna,2.0
1512.0,Manny Omoyinmi,2.0
1512.0,André Ooijer,2.0
1512.0,Richard Ord,2.0
1512.0,John Oster,2.0
1512.0,Bryan Oviedo,2.0
1512.0,Alberto Paloschi,2.0
1512.0,Stuart Parnaby,2.0
1512.0,Alessandro Pistone,2.0
1512.0,Claudio Pizarro,2.0
1512.0,Chris Powell,2.0
1512.0,Spencer Prior,2.0
1512.0,Tamás Priskin,2.0
1512.0,Michael Proctor,2.0
1512.0,David Prutton,2.0
1512.0,Florin Raducioiu,2.0
1512.0,Iván Ramis,2.0
1512.0,Andrea Ranocchia,2.0
1512.0,Declan Rice,2.0
1512.0,Andrew Robertson,2.0
1512.0,Bryan Robson,2.0
1512.0,Rubén Rochina,2.0
1512.0,Yannick Sagbo,2.0
1512.0,Romain Saïss,2.0
1512.0,Jlloyd Samuel,2.0
1512.0,Stefan Schnoor,2.0
1512.0,Andrew Scott,2.0
1512.0,Freddie Sears,2.0
1512.0,Ryan Sessegnon,2.0
1512.0,Paul Shaw,2.0
1512.0,Darío Silva,2.0
1512.0,Paul Simpson,2.0
1512.0,Stuart Slater,2.0
1512.0,Ramadan Sobhi,2.0
1512.0,Paul Stalteri,2.0
1512.0,Robbie Stockdale,2.0
1512.0,Frank Strandli,2.0
1512.0,Isaac Success,2.0
1512.0,Hakan Sükür,2.0
1512.0,Kit Symons,2.0
1512.0,Idan Tal,2.0
1512.0,Adam Tanner,2.0
1512.0,Mauricio Taricco,2.0
1512.0,Shaun Teale,2.0
1512.0,Andranik Teymourian,2.0
1512.0,Andy Thorn,2.0
1512.0,Danny Tiatto,2.0
1512.0,Eric Tinkler,2.0
1512.0,Michael Tonge,2.0
1512.0,Lucas Torreira,2.0
1512.0,Juan Cala,2.0
1512.0,Bertrand Traoré,2.0
1512.0,Kieran Trippier,2.0
1512.0,Yan Valery,2.0
1512.0,Giovanni van Bronckhorst,2.0
1512.0,Mike van der Hoorn,2.0
1512.0,Robin van Der Laan,2.0
1512.0,Steve Vickers,2.0
1512.0,Ron Vlaar,2.0
1512.0,Moritz Volz,2.0
1512.0,Richard Walker,2.0
1512.0,Mark Ward,2.0
1512.0,Julian Watts,2.0
1512.0,Ronnie Whelan,2.0
1512.0,Mike Whitlow,2.0
1512.0,Gerard Wiekens,2.0
1512.0,Ron Willems,2.0
1512.0,Darren Williams,2.0
1512.0,Jimmy Willis,2.0
1512.0,Fabian Wilnis,2.0
1512.0,Danny Wilson,2.0
1512.0,Harry Winks,2.0
1512.0,Bradley Wright-Phillips,2.0
1512.0,Andriy Yarmolenko,2.0
1512.0,Hassan Yebda,2.0
1788.0,Martin Albrechtsen,1.0
1788.0,Chris Allen,1.0
1788.0,Özalan Alpay,1.0
1788.0,Cédric Soares,1.0
1788.0,Daniel Amartey,1.0
1788.0,Fernando Amorebieta,1.0
1788.0,Martin Andresen,1.0
1788.0,Brett Angell,1.0
1788.0,Bernard,1.0
1788.0,Alberto Aquilani,1.0
1788.0,Ian Ashbee,1.0
1788.0,Will Atkinson,1.0
1788.0,Thimothée Atouba,1.0
1788.0,Daniel Ayala,1.0
1788.0,Floyd Ayité,1.0
1788.0,Juninho Bacuna,1.0
1788.0,Walid Badir,1.0
1788.0,Dino Baggio,1.0
1788.0,Dennis Bailey,1.0
1788.0,Eric Bailly,1.0
1788.0,Fabián Balbuena,1.0
1788.0,Leon Balogun,1.0
1788.0,Patrick Bamford,1.0
1788.0,Harvey Barnes,1.0
1788.0,Giles Barnes,1.0
1788.0,Leon Barnett,1.0
1788.0,Earl Barrett,1.0
1788.0,Modou Barrow,1.0
1788.0,Chris Basham,1.0
1788.0,Steve Basham,1.0
1788.0,Christian Bassedas,1.0
1788.0,Matthew Bates,1.0
1788.0,Craig Beattie,1.0
1788.0,Jan Bednarek,1.0
1788.0,Asmir Begovic,1.0
1788.0,Stefan Beinlich,1.0
1788.0,Tal Ben Haim,1.0
1788.0,Francis Benali,1.0
1788.0,Trevor Benjamin,1.0
1788.0,Frankie Bennett,1.0
1788.0,Greg Berry,1.0
1788.0,Habib Beye,1.0
1788.0,Gael Bigirimana,1.0
1788.0,Dexter Blackstock,1.0
1788.0,Laurent Blanc,1.0
1788.0,Kepa,1.0
1788.0,Paul Boertien,1.0
1788.0,Valeri Bojinov,1.0
1788.0,Thierry Bonalair,1.0
1788.0,Wilfred Bouma,1.0
1788.0,Bobby Bowry,1.0
1788.0,Dedryck Boyata,1.0
1788.0,Daniel Braaten,1.0
1788.0,Paul Bracewell,1.0
1788.0,Orlando Sá,1.0
1788.0,Rufus Brevett,1.0
1788.0,Ian Brightwell,1.0
1788.0,David Brightwell,1.0
1788.0,Lee Briscoe,1.0
1788.0,Chris Brown,1.0
1788.0,Gary Bull,1.0
1788.0,Mark Burchill,1.0
1788.0,Peter Butler,1.0
1788.0,Ian Butterworth,1.0
1788.0,Rémy Cabella,1.0
1788.0,Claudio Caçapa,1.0
1788.0,Jonathan Calleri,1.0
1788.0,Zoumana Camara,1.0
1788.0,André Carrillo,1.0
1788.0,Patrice Carteron,1.0
1788.0,Pierluigi Casiraghi,1.0
1788.0,Nélson Oliveira,1.0
1788.0,Jonny,1.0
1788.0,Justin Channing,1.0
1788.0,Ben Chilwell,1.0
1788.0,Vlad Chiriches,1.0
1788.0,Philippe Christanval,1.0
1788.0,Kalifa Cissé,1.0
1788.0,Steve Clarke,1.0
1788.0,Jordy Clasie,1.0
1788.0,Sebastián Coates,1.0
1788.0,Patrick Colleter,1.0
1788.0,David Connolly,1.0
1788.0,David Cotterill,1.0
1788.0,Andrew Couzens,1.0
1788.0,Gordon Cowans,1.0
1788.0,Simon Cox,1.0
1788.0,Gary Croft,1.0
1788.0,Lee Croft,1.0
1788.0,Gary Crosby,1.0
1788.0,Albert Crusat,1.0
1788.0,Mark Cullen,1.0
1788.0,Ian Culverhouse,1.0
1788.0,Jason Cundy,1.0
1788.0,Andrés D'Alessandro,1.0
1788.0,Fabio,1.0
1788.0,Alexandre Pato,1.0
1788.0,Gilberto,1.0
1788.0,Paul Dalglish,1.0
1788.0,Matteo Darmian,1.0
1788.0,Chris David,1.0
1788.0,Edgar Davids,1.0
1788.0,Paul Davis,1.0
1788.0,Gabriel,1.0
1788.0,Siem de Jong,1.0
1788.0,Nigel de Jong,1.0
1788.0,Asier Del Horno,1.0
1788.0,Guy Demel,1.0
1788.0,Shaun Derry,1.0
1788.0,Samba Diakité,1.0
1788.0,Mahamadou Diarra,1.0
1788.0,Lass Diarra,1.0
1788.0,Issa Diop,1.0
1788.0,Martin Djetou,1.0
1788.0,Johan Djourou,1.0
1788.0,Gerald Dobbs,1.0
1788.0,Simon Donnelly,1.0
1788.0,Andrea Dossena,1.0
1788.0,Jonathan Douglas,1.0
1788.0,John Dreyer,1.0
1788.0,Adam Drury,1.0
1788.0,Richard Dryden,1.0
1788.0,Neal Eardley,1.0
1788.0,Erik Edman,1.0
1788.0,Marc Edworthy,1.0
1788.0,Hossam Ghaly,1.0
1788.0,David Elm,1.0
1788.0,Tommy Elphick,1.0
1788.0,Urby Emanuelson,1.0
1788.0,Marvin Emnes,1.0
1788.0,Roger Espinoza,1.0
1788.0,Kelvin Etuhu,1.0
1788.0,Ched Evans,1.0
1788.0,Ian Evatt,1.0
1788.0,Delroy Facey,1.0
1788.0,Khalilou Fadiga,1.0
1788.0,Keith Fahey,1.0
1788.0,Julien Faubert,1.0
1788.0,Alejandro Faurlin,1.0
1788.0,Amdy Faye,1.0
1788.0,Sam Field,1.0
1788.0,Steve Finnan,1.0
1788.0,Jon Flanagan,1.0
1788.0,Craig Fleming,1.0
1788.0,Carl Fletcher,1.0
1788.0,Willo Flood,1.0
1788.0,Phil Foden,1.0
1788.0,Dominic Foley,1.0
1788.0,Mark Ford,1.0
1788.0,Hayden Foxe,1.0
1788.0,Juan Foyth,1.0
1788.0,Ryan Fredericks,1.0
1788.0,Chris Freestone,1.0
1788.0,Brad Friedel,1.0
1788.0,Esteban Fuertes,1.0
1788.0,Jamie Fullarton,1.0
1788.0,Thomas Gaardsoe,1.0
1788.0,Danny Gabbidon,1.0
1788.0,Sam Gallagher,1.0
1788.0,John Gannon,1.0
1788.0,Richard Garcia,1.0
1788.0,Diego Gavilan,1.0
1788.0,Rachid Ghezzal,1.0
1788.0,Kamel Ghilas,1.0
1788.0,Terry Gibson,1.0
1788.0,Phil Gilchrist,1.0
1788.0,Serge Gnabry,1.0
1788.0,Alain Goma,1.0
1788.0,Silvestre Varela,1.0
1788.0,Borja Bastón,1.0
1788.0,Greg Goodridge,1.0
1788.0,Dale Gordon,1.0
1788.0,Kaspars Gorkss,1.0
1788.0,Richard Gough,1.0
1788.0,Lewis Grabban,1.0
1788.0,Max-Alain Gradel,1.0
1788.0,Martin Grainger,1.0
1788.0,Elliot Grandin,1.0
1788.0,Esteban Granero,1.0
1788.0,Andy Gray,1.0
1788.0,Jack Grealish,1.0
1788.0,Sean Gregan,1.0
1788.0,David Gregory,1.0
1788.0,Vratislav Gresko,1.0
1788.0,Thordur Gudjonsson,1.0
1788.0,Magaye Gueye,1.0
1788.0,Stephane Guivarc'h,1.0
1788.0,Marcus Hall,1.0
1788.0,Grant Hanley,1.0
1788.0,Bo Hansen,1.0
1788.0,Kevin Harper,1.0
1788.0,Kadeem Harris,1.0
1788.0,Josh Harrop,1.0
1788.0,Gabriel Heinze,1.0
1788.0,Glenn Helder,1.0
1788.0,Ángelo Henríquez,1.0
1788.0,Chris Herd,1.0
1788.0,Fernando Hierro,1.0
1788.0,Clint Hill,1.0
1788.0,Andy Hill,1.0
1788.0,David Hillier,1.0
1788.0,Zavon Hines,1.0
1788.0,Jon Olav Hjelde,1.0
1788.0,Glenn Hoddle,1.0
1788.0,Andreas Pereira,1.0
1788.0,Brett Holman,1.0
1788.0,Steve Howard,1.0
1788.0,Tim Howard,1.0
1788.0,Mark Hudson,1.0
1788.0,Ceri Hughes,1.0
1788.0,Nicky Hunt,1.0
1788.0,Paul Huntington,1.0
1788.0,Ben Hutchinson,1.0
1788.0,Pablo Ibáñez,1.0
1788.0,Johnnie Jackson,1.0
1788.0,Gonzalo Jara,1.0
1788.0,Ryan Jarvis,1.0
1788.0,Leigh Jenkinson,1.0
1788.0,John Jensen,1.0
1788.0,Niclas Jensen,1.0
1788.0,Luis Jiménez,1.0
1788.0,Xisco,1.0
1788.0,Michael Johansen,1.0
1788.0,Erland Johnsen,1.0
1788.0,Keith Jones,1.0
1788.0,Matthew Jones,1.0
1788.0,Scott Jones,1.0
1788.0,Elias Kachunga,1.0
1788.0,Gaël Kakuta,1.0
1788.0,Kei Kamara,1.0
1788.0,Jem Karacan,1.0
1788.0,Azar Karadas,1.0
1788.0,Giorgos Karagounis,1.0
1788.0,Steffen Karl,1.0
1788.0,Graham Kavanagh,1.0
1788.0,Mikhail Kavelashvili,1.0
1788.0,Beram Kayal,1.0
1788.0,Kazim,1.0
1788.0,Peter Kennedy,1.0
1788.0,Billy Kenny,1.0
1788.0,Andy Keogh,1.0
1788.0,Zurab Khizanishvili,1.0
1788.0,Kim Bo-Kyung,1.0
1788.0,Phil King,1.0
1788.0,Ragnar Klavan,1.0
1788.0,Timm Klose,1.0
1788.0,Terence Kongolo,1.0
1788.0,Ognjen Koroman,1.0
1788.0,Kevin Kyle,1.0
1788.0,Henrik Larsson,1.0
1788.0,Miguel Layún,1.0
1788.0,David Lee,1.0
1788.0,Lucas Leiva,1.0
1788.0,Eric Lichaj,1.0
1788.0,Andy Liddell,1.0
1788.0,Derek Lilley,1.0
1788.0,Victor Lindelöf,1.0
1788.0,Martin Ling,1.0
1788.0,Joe Lolley,1.0
1788.0,Kevin Long,1.0
1788.0,Sean Longstaff,1.0
1788.0,Ademola Lookman,1.0
1788.0,Teddy Lucic,1.0
1788.0,Diego Lugano,1.0
1788.0,Antonio Luna,1.0
1788.0,Claus Lundekvam,1.0
1788.0,Albert Luque,1.0
1788.0,Yann M'Vila,1.0
1788.0,Mbulelo Mabizela,1.0
1788.0,Charlie MacDonald,1.0
1788.0,Danny Maddix,1.0
1788.0,Gavin Mahon,1.0
1788.0,Stefan Maierhofer,1.0
1788.0,Ainsley Maitland-Niles,1.0
1788.0,Stefan Malz,1.0
1788.0,Javier Manquillo,1.0
1788.0,Dario Marcolin,1.0
1788.0,Javier Margas,1.0
1788.0,Marko Marin,1.0
1788.0,Nicky Marker,1.0
1788.0,Hélder Postiga,1.0
1788.0,Lee Marshall,1.0
1788.0,Scott Marshall,1.0
1788.0,Cuco Martina,1.0
1788.0,Williams Martínez,1.0
1788.0,Bruno Martins Indi,1.0
1788.0,Sylvain Marveaux,1.0
1788.0,Javier Mascherano,1.0
1788.0,Marek Matejovsky,1.0
1788.0,Marco Materazzi,1.0
1788.0,Youl Mawene,1.0
1788.0,Isaac Mbenza,1.0
1788.0,Patrick Mboma,1.0
1788.0,George McCartney,1.0
1788.0,Kevin McDonald,1.0
1788.0,Aiden McGeady,1.0
1788.0,Ray McKinnon,1.0
1788.0,Steve McMahon,1.0
1788.0,Michael Meaker,1.0
1788.0,Tyrone Mears,1.0
1788.0,Gary Megson,1.0
1788.0,John Mensah,1.0
1788.0,Juan Carlos Menseguéz,1.0
1788.0,Fran Mérida,1.0
1788.0,Mikel Merino,1.0
1788.0,Max Meyer,1.0
1788.0,Lubomir Michalik,1.0
1788.0,Adie Mike,1.0
1788.0,John Obi Mikel,1.0
1788.0,Paul Miller,1.0
1788.0,Liam Miller,1.0
1788.0,Yerry Mina,1.0
1788.0,Viorel Moldovan,1.0
1788.0,Jefferson Montero,1.0
1788.0,Rodrigo Moreno,1.0
1788.0,Chris Morgan,1.0
1788.0,Ivica Mornar,1.0
1788.0,Steve Morrow,1.0
1788.0,Paul Mortimer,1.0
1788.0,Steven Mouyokolo,1.0
1788.0,John Mullin,1.0
1788.0,Marc Muniesa,1.0
1788.0,David Murphy,1.0
1788.0,Jacob Murphy,1.0
1788.0,Yoshinori Muto,1.0
1788.0,Arnold Mvuemba,1.0
1788.0,Mats Møller Dæhli,1.0
1788.0,Alfred N'Diaye,1.0
1788.0,Hidetoshi Nakata,1.0
1788.0,Lilian Nalis,1.0
1788.0,Luciano Narsingh,1.0
1788.0,Kyle Naughton,1.0
1788.0,Noureddine Naybet,1.0
1788.0,George Ndah,1.0
1788.0,Didier Ndong,1.0
1788.0,Aidan Newhouse,1.0
1788.0,Shaun Newton,1.0
1788.0,Steve Nicol,1.0
1788.0,Luc Nijholt,1.0
1788.0,Luc Nilis,1.0
1788.0,Roland Nilsson,1.0
1788.0,Avi Nimni,1.0
1788.0,Eddie Nketiah,1.0
1788.0,Craig Noone,1.0
1788.0,Alex Nyarko,1.0
1788.0,Lewin Nyatanga,1.0
1788.0,Liam O'Brien,1.0
1788.0,Stuart O'Keefe,1.0
1788.0,Scott Oakes,1.0
1788.0,Michael Obafemi,1.0
1788.0,Jores Okore,1.0
1788.0,David Oldfield,1.0
1788.0,Andrea Orlandi,1.0
1788.0,Thorvaldu Örlygsson,1.0
1788.0,Mixu Paatelainen,1.0
1788.0,Michele Padovano,1.0
1788.0,Robert Page,1.0
1788.0,Wilson Palacios,1.0
1788.0,Steve Palmer,1.0
1788.0,Sokratis,1.0
1788.0,Paul Parker,1.0
1788.0,Darren Patterson,1.0
1788.0,Mark Patterson,1.0
1788.0,Adrian Paz,1.0
1788.0,Nigel Pearson,1.0
1788.0,Per Pedersen,1.0
1788.0,Matthew Pennington,1.0
1788.0,James Perch,1.0
1788.0,Sébastien Pérez,1.0
1788.0,David Perpetuini,1.0
1788.0,Terry Phelan,1.0
1788.0,Erik Pieters,1.0
1788.0,Matt Piper,1.0
1788.0,John Polston,1.0
1788.0,Nick Powell,1.0
1788.0,Darren Powell,1.0
1788.0,Darren Pratley,1.0
1788.0,Steven Pressley,1.0
1788.0,Rade Prica,1.0
1788.0,Davy Pröpper,1.0
1788.0,Danny Pugh,1.0
1788.0,Darren Purse,1.0
1788.0,Sébastien Puygrenier,1.0
1788.0,Domingos Quina,1.0
1788.0,Michael Reddy,1.0
1788.0,Steve Redmond,1.0
1788.0,Cyrille Regis,1.0
1788.0,Michael Reiziger,1.0
1788.0,Sam Ricketts,1.0
1788.0,Rohan Ricketts,1.0
1788.0,Sascha Riether,1.0
1788.0,Douglas Rinaldi,1.0
1788.0,Cristian Riveros,1.0
1788.0,Emmanuel Rivière,1.0
1788.0,Paul Robinson,1.0
1788.0,Paul Robinson,1.0
1788.0,Marvin Robinson,1.0
1788.0,Helder,1.0
1788.0,Fred,1.0
1788.0,Jesé,1.0
1788.0,Marcos Rojo,1.0
1788.0,Liam Rosenior,1.0
1788.0,Giuseppe Rossi,1.0
1788.0,Keith Rowland,1.0
1788.0,Youssef Safri,1.0
1788.0,Nuri Sahin,1.0
1788.0,Moussa Saib,1.0
1788.0,Henri Saivet,1.0
1788.0,Lamine Sakho,1.0
1788.0,Conor Sammon,1.0
1788.0,Carlos Sánchez,1.0
1788.0,Davinson Sánchez,1.0
1788.0,Francesco Sanetti,1.0
1788.0,Kenny Sansom,1.0
1788.0,Davide Santon,1.0
1788.0,João Moutinho,1.0
1788.0,Stefan Savic,1.0
1788.0,Sebastien Schemmel,1.0
1788.0,Christopher Schindler,1.0
1788.0,Peter Schmeichel,1.0
1788.0,Bastian Schweinsteiger,1.0
1788.0,Jason Scotland,1.0
1788.0,Kevin Scott,1.0
1788.0,Philip Scott,1.0
1788.0,Martin Scott,1.0
1788.0,Ken Sema,1.0
1788.0,Jean Michael Seri,1.0
1788.0,Luke Shaw,1.0
1788.0,Etey Shechter,1.0
1788.0,Danny Shittu,1.0
1788.0,Ryan Shotton,1.0
1788.0,Jay Simpson,1.0
1788.0,Mohamed Sissoko,1.0
1788.0,David Smith,1.0
1788.0,Richard Sneekes,1.0
1788.0,Ian Snodin,1.0
1788.0,Dominic Solanke,1.0
1788.0,Stale Solbakken,1.0
1788.0,Ibrahima Sonko,1.0
1788.0,Hélder Costa,1.0
1788.0,Nicky Southall,1.0
1788.0,Jonathan Spector,1.0
1788.0,Sébastien Squillaci,1.0
1788.0,Ronnie Stam,1.0
1788.0,Jaap Stam,1.0
1788.0,Jon Gorenc Stankovic,1.0
1788.0,Richard Stearman,1.0
1788.0,Dale Stephens,1.0
1788.0,Jonathan Stevenson,1.0
1788.0,Jordan Stewart,1.0
1788.0,Anthony Stokes,1.0
1788.0,John Stones,1.0
1788.0,Denis Stracqualursi,1.0
1788.0,Mark Summerbell,1.0
1788.0,Taye Taiwo,1.0
1788.0,Steve Talboys,1.0
1788.0,Matt Targett,1.0
1788.0,Fabinho,1.0
1788.0,André Gomes,1.0
1788.0,Ben Thatcher,1.0
1788.0,Sean Thornton,1.0
1788.0,Dwight Tiendalli,1.0
1788.0,Cheick Tioté,1.0
1788.0,Paul Tisdale,1.0
1788.0,Hatem Trabelsi,1.0
1788.0,Adama Traoré,1.0
1788.0,Armand Traore,1.0
1788.0,Paul Trollope,1.0
1788.0,Simo Valakari,1.0
1788.0,Jelle Van Damme,1.0
1788.0,Ulrich van Gobbel,1.0
1788.0,Ricky van Wolfswinkel,1.0
1788.0,Imre Varadi,1.0
1788.0,Stanislav Varga,1.0
1788.0,Barry Venison,1.0
1788.0,Nicola Ventola,1.0
1788.0,Paolo Vernazza,1.0
1788.0,Jhon Viáfara,1.0
1788.0,Luciano Vietto,1.0
1788.0,Simon Vukcevic,1.0
1788.0,Zvonimir Vukic,1.0
1788.0,Molla Wagué,1.0
1788.0,Ronnie Wallwork,1.0
1788.0,Danny Ward,1.0
1788.0,Mitch Ward,1.0
1788.0,Darren Ward,1.0
1788.0,Robert Warzycha,1.0
1788.0,Marcin Wasilewski,1.0
1788.0,Gareth Whalley,1.0
1788.0,Phil Whelan,1.0
1788.0,Adrian Whitbread,1.0
1788.0,Jeff Whitley,1.0
1788.0,Chris Whyte,1.0
1788.0,Aaron Wilbraham,1.0
1788.0,Mark Williams,1.0
1788.0,Geraint Williams,1.0
1788.0,Paul Williams,1.0
1788.0,Michael Williams,1.0
1788.0,Mike Williamson,1.0
1788.0,Marc Wilson,1.0
1788.0,Pierre Wome,1.0
1788.0,Cauley Woodrow,1.0
1788.0,Nordin Wooter,1.0
1788.0,Claudio Yacob,1.0
1788.0,Steve Yates,1.0
1788.0,DeAndre Yedlin,1.0
1788.0,Davide Zappacosta,1.0
1788.0,Zheng Zhi,1.0
1788.0,Reto Ziegler,1.0
1788.0,Kenneth Zohore,1.0
1788.0,Juan Camilo Zuñiga,1.0
2299.0,Alan Neilson,0.0
2299.0,Richard Walker,0.0
